url,title,author,date_text,engagement_text,raw_text,type,image_url
,塔州Kingfish,Talking to the 慕,2024-03-23,,"塔州Kingfish
Talking to the 慕
2024-03-23",xiaohongshu_search,
,🎄圣诞假期 · 塔州捞虾 / 夜钓 / 海钓,猪脑壳,2025-12-31,,"🎄圣诞假期 · 塔州捞虾 / 夜钓 / 海钓
猪脑壳
2025-12-31",xiaohongshu_search,
,塔斯马尼亚 霍巴特海钓,冷漠的Oscar,2025-10-02,,"塔斯马尼亚 霍巴特海钓
冷漠的Oscar
2025-10-02",xiaohongshu_search,
,记录我在霍巴特钓过的🐟,地未衣来,2025-12-04,,"记录我在霍巴特钓过的🐟
地未衣来
2025-12-04",xiaohongshu_search,
,🎣🏔 塔州钓鱼,Aria 爱吃鱼,2025-08-09,,"🎣🏔 塔州钓鱼
Aria 爱吃鱼
2025-08-09",xiaohongshu_search,
,🇦🇺塔州海钓| 大house里的海鲜party,あなたの万です,2025-10-12,,"🇦🇺塔州海钓| 大house里的海鲜party
あなたの万です
2025-10-12",xiaohongshu_search,
,塔州霍巴特｜钓鱼佬每周末早出晚归鱼获大赏,Danlulu,2024-09-11,,"塔州霍巴特｜钓鱼佬每周末早出晚归鱼获大赏
Danlulu
2024-09-11",xiaohongshu_search,
,🌊塔州震撼一幕｜巨型蓝鳍金枪鱼现场目击！🐟,Something for nothing,2025-11-24,,"🌊塔州震撼一幕｜巨型蓝鳍金枪鱼现场目击！🐟
Something for nothing
2025-11-24",xiaohongshu_search,
,塔斯马尼亚海钓,凡大魔王,02-19,,"塔斯马尼亚海钓
凡大魔王
02-19",xiaohongshu_search,
,霍巴特路亚日常,爱学习的路亚小学生,01-21,,"霍巴特路亚日常
爱学习的路亚小学生
01-21",xiaohongshu_search,
,塔斯马尼亚拉80-90cm黄旗金枪鱼,航,2025-04-28,,"塔斯马尼亚拉80-90cm黄旗金枪鱼
航
2025-04-28",xiaohongshu_search,
,鱿鱼杆拉澳三,爱学习的路亚小学生,03-03,,"鱿鱼杆拉澳三
爱学习的路亚小学生
03-03",xiaohongshu_search,
,塔州蓝鳍金枪鱼,Randolph舒,2024-05-05,,"塔州蓝鳍金枪鱼
Randolph舒
2024-05-05",xiaohongshu_search,
