url,title,author,date_text,engagement_text,raw_text,type,image_url
,塔州Kingfish,Talking to the 慕,2024-03-23,,"塔州Kingfish
Talking to the 慕
2024-03-23",xiaohongshu_search,
,🎄圣诞假期 · 塔州捞虾 / 夜钓 / 海钓,猪脑壳,2025-12-31,,"🎄圣诞假期 · 塔州捞虾 / 夜钓 / 海钓
猪脑壳
2025-12-31",xiaohongshu_search,
,塔州西北岸抛Kingfish,🐳,2025-01-05,,"塔州西北岸抛Kingfish
🐳
2025-01-05",xiaohongshu_search,
,🎣🏔 塔州钓鱼,Aria 爱吃鱼,2025-08-09,,"🎣🏔 塔州钓鱼
Aria 爱吃鱼
2025-08-09",xiaohongshu_search,
,塔州蓝鳍金枪鱼,Randolph舒,2024-05-05,,"塔州蓝鳍金枪鱼
Randolph舒
2024-05-05",xiaohongshu_search,
,解锁塔州梦幻鱼种,Mondolls澳洲布偶猫舍,2025-05-31,,"解锁塔州梦幻鱼种
Mondolls澳洲布偶猫舍
2025-05-31",xiaohongshu_search,
,记录我在霍巴特钓过的🐟,地未衣来,2025-12-04,,"记录我在霍巴特钓过的🐟
地未衣来
2025-12-04",xiaohongshu_search,
,塔斯马尼亚拉80-90cm黄旗金枪鱼,航,2025-04-28,,"塔斯马尼亚拉80-90cm黄旗金枪鱼
航
2025-04-28",xiaohongshu_search,
,🇦🇺塔州海钓| 大house里的海鲜party,あなたの万です,2025-10-12,,"🇦🇺塔州海钓| 大house里的海鲜party
あなたの万です
2025-10-12",xiaohongshu_search,
,塔斯马尼亚 霍巴特海钓,冷漠的Oscar,2025-10-02,,"塔斯马尼亚 霍巴特海钓
冷漠的Oscar
2025-10-02",xiaohongshu_search,
,澳洲探钓。,早稻田大学钓鱼专业教授,2025-05-11,,"澳洲探钓。
早稻田大学钓鱼专业教授
2025-05-11",xiaohongshu_search,
,塔州朗赛斯顿找钓鱼搭子｜周五周六日都🉑🎣,猪脑壳,2025-12-10,,"塔州朗赛斯顿找钓鱼搭子｜周五周六日都🉑🎣
猪脑壳
2025-12-10",xiaohongshu_search,
,鱼根本不吃路亚，你们别自我感动了,Wild Current,03-01,,"鱼根本不吃路亚，你们别自我感动了
Wild Current
03-01",xiaohongshu_search,
,在塔州轻松✅钓鱼技巧,61 💚(成融约课),2024-01-06,,"在塔州轻松✅钓鱼技巧
61 💚(成融约课)
2024-01-06",xiaohongshu_search,
,霍巴特钓青衣,爱学习的路亚小学生,01-26,,"霍巴特钓青衣
爱学习的路亚小学生
01-26",xiaohongshu_search,
